"","ID","Description","GeneRatio","BgRatio","pvalue","p.adjust","qvalue","geneID","Count"
"R-HSA-1362300","R-HSA-1362300","Transcription of E2F targets under negative control by p107 (RBL1) and p130 (RBL2) in complex with HDAC1","1/6","16/10955",0.008733173211254,0.089039480732574,0.0535575823955332,"MYBL2",1
"R-HSA-182971","R-HSA-182971","EGFR downregulation","1/6","31/10955",0.0168627092445606,0.089039480732574,0.0535575823955332,"PTPRK",1
"R-HSA-445095","R-HSA-445095","Interaction between L1 and Ankyrins","1/6","31/10955",0.0168627092445606,0.089039480732574,0.0535575823955332,"SPTBN2",1
"R-HSA-1296072","R-HSA-1296072","Voltage gated Potassium channels","1/6","43/10955",0.0233262656487815,0.089039480732574,0.0535575823955332,"KCNG1",1
"R-HSA-6781823","R-HSA-6781823","Formation of TC-NER Pre-Incision Complex","1/6","54/10955",0.0292200461449752,0.089039480732574,0.0535575823955332,"PPIE",1
"R-HSA-8848021","R-HSA-8848021","Signaling by PTK6","1/6","54/10955",0.0292200461449752,0.089039480732574,0.0535575823955332,"KHDRBS2",1
