"","ID","Description","GeneRatio","BgRatio","pvalue","p.adjust","qvalue","geneID","Count"
"R-HSA-1362300","R-HSA-1362300","Transcription of E2F targets under negative control by p107 (RBL1) and p130 (RBL2) in complex with HDAC1","1/5","16/10955",0.0072826272785107,0.0732746276784385,0.0385655935149676,"MYBL2",1
"R-HSA-182971","R-HSA-182971","EGFR downregulation","1/5","31/10955",0.0140714961285777,0.0732746276784385,0.0385655935149676,"PTPRK",1
"R-HSA-445095","R-HSA-445095","Interaction between L1 and Ankyrins","1/5","31/10955",0.0140714961285777,0.0732746276784385,0.0385655935149676,"SPTBN2",1
"R-HSA-6781823","R-HSA-6781823","Formation of TC-NER Pre-Incision Complex","1/5","54/10955",0.0244089120124339,0.0732746276784385,0.0385655935149676,"PPIE",1
"R-HSA-8848021","R-HSA-8848021","Signaling by PTK6","1/5","54/10955",0.0244089120124339,0.0732746276784385,0.0385655935149676,"KHDRBS2",1
